Country Name,Country Code,Series Name,Series Code,1974 [YR1974],1975 [YR1975],1976 [YR1976],1977 [YR1977],1978 [YR1978],1979 [YR1979],1980 [YR1980],1981 [YR1981],1982 [YR1982],1983 [YR1983],1984 [YR1984],1985 [YR1985],1986 [YR1986],1987 [YR1987],1988 [YR1988],1989 [YR1989],1990 [YR1990],1991 [YR1991],1992 [YR1992],1993 [YR1993],1994 [YR1994],1995 [YR1995],1996 [YR1996],1997 [YR1997],1998 [YR1998],1999 [YR1999],2000 [YR2000],2001 [YR2001],2002 [YR2002],2003 [YR2003],2004 [YR2004],2005 [YR2005],2006 [YR2006],2007 [YR2007],2008 [YR2008],2009 [YR2009],2010 [YR2010],2011 [YR2011],2012 [YR2012],2013 [YR2013],2014 [YR2014],2015 [YR2015],2016 [YR2016],2017 [YR2017],2018 [YR2018],2019 [YR2019],2020 [YR2020],2021 [YR2021],2022 [YR2022],2023 [YR2023]
Afghanistan,AFG,Access to clean fuels and technologies for cooking (% of population),EG.CFT.ACCS.ZS,..,..,..,..,..,..,..,..,..,..,..,..,..,..,..,..,..,..,..,..,..,..,..,..,..,..,6.7,7.7,8.8,10,11.1,12.5,13.9,15.3,16.8,18.2,19.7,21.3,22.7,24.3,25.7,27.25,28.5,30,31.1,32.45,33.8,35.4,..,..
Albania,ALB,Access to clean fuels and technologies for cooking (% of population),EG.CFT.ACCS.ZS,..,..,..,..,..,..,..,..,..,..,..,..,..,..,..,..,..,..,..,..,..,..,..,..,..,..,38.7,41,43.8,46.5,49.2,52,54.8,57.8,60.7,63.1,65.8,68.1,70.4,72.3,74.4,76.1,77.6,79,80.2,81.6,82.7,83.7,..,..
Algeria,DZA,Access to clean fuels and technologies for cooking (% of population),EG.CFT.ACCS.ZS,..,..,..,..,..,..,..,..,..,..,..,..,..,..,..,..,..,..,..,..,..,..,..,..,..,..,96.9,97.3,97.6,97.9,98.2,98.4,98.6,98.8,99,99.1,99.2,99.3,99.4,99.4,99.5,99.6,99.6,99.6,99.6,99.7,99.7,99.7,..,..
American Samoa,ASM,Access to clean fuels and technologies for cooking (% of population),EG.CFT.ACCS.ZS,..,..,..,..,..,..,..,..,..,..,..,..,..,..,..,..,..,..,..,..,..,..,..,..,..,..,..,..,..,..,..,..,..,..,..,..,..,..,..,..,..,..,..,..,..,..,..,..,..,..
Andorra,AND,Access to clean fuels and technologies for cooking (% of population),EG.CFT.ACCS.ZS,..,..,..,..,..,..,..,..,..,..,..,..,..,..,..,..,..,..,..,..,..,..,..,..,..,..,100,100,100,100,100,100,100,100,100,100,100,100,100,100,100,100,100,100,100,100,100,100,..,..
Angola,AGO,Access to clean fuels and technologies for cooking (% of population),EG.CFT.ACCS.ZS,..,..,..,..,..,..,..,..,..,..,..,..,..,..,..,..,..,..,..,..,..,..,..,..,..,..,40.1,40.7,41.2,41.5,42.2,42.6,42.9,43.3,43.8,44.1,44.7,45.2,45.8,46.1,46.7,47.4,47.8,48.3,48.7,49.3,49.7,50,..,..
Antigua and Barbuda,ATG,Access to clean fuels and technologies for cooking (% of population),EG.CFT.ACCS.ZS,..,..,..,..,..,..,..,..,..,..,..,..,..,..,..,..,..,..,..,..,..,..,..,..,..,..,100,100,100,100,100,100,100,100,100,100,100,100,100,100,100,100,100,100,100,100,100,100,..,..
Argentina,ARG,Access to clean fuels and technologies for cooking (% of population),EG.CFT.ACCS.ZS,..,..,..,..,..,..,..,..,..,..,..,..,..,..,..,..,..,..,..,..,..,..,..,..,..,..,95.8,96.3,96.8,97.2,97.6,98,98.3,98.6,98.9,99.1,99.2,99.4,99.5,99.6,99.7,99.8,99.8,99.8,99.9,99.9,99.9,99.9,..,..
Armenia,ARM,Access to clean fuels and technologies for cooking (% of population),EG.CFT.ACCS.ZS,..,..,..,..,..,..,..,..,..,..,..,..,..,..,..,..,..,..,..,..,..,..,..,..,..,..,80.1,82.7,85.3,87.4,89.2,90.8,92.1,93.3,94.2,95,95.6,96.1,96.5,96.9,97.3,97.4,97.7,97.9,98,98.1,98.2,98.4,..,..
Aruba,ABW,Access to clean fuels and technologies for cooking (% of population),EG.CFT.ACCS.ZS,..,..,..,..,..,..,..,..,..,..,..,..,..,..,..,..,..,..,..,..,..,..,..,..,..,..,..,..,..,..,..,..,..,..,..,..,..,..,..,..,..,..,..,..,..,..,..,..,..,..
Australia,AUS,Access to clean fuels and technologies for cooking (% of population),EG.CFT.ACCS.ZS,..,..,..,..,..,..,..,..,..,..,..,..,..,..,..,..,..,..,..,..,..,..,..,..,..,..,100,100,100,100,100,100,100,100,100,100,100,100,100,100,100,100,100,100,100,100,100,100,..,..
Austria,AUT,Access to clean fuels and technologies for cooking (% of population),EG.CFT.ACCS.ZS,..,..,..,..,..,..,..,..,..,..,..,..,..,..,..,..,..,..,..,..,..,..,..,..,..,..,100,100,100,100,100,100,100,100,100,100,100,100,100,100,100,100,100,100,100,100,100,100,..,..
Azerbaijan,AZE,Access to clean fuels and technologies for cooking (% of population),EG.CFT.ACCS.ZS,..,..,..,..,..,..,..,..,..,..,..,..,..,..,..,..,..,..,..,..,..,..,..,..,..,..,70,73.5,76.7,79.9,82.5,85.1,87.3,89.2,90.8,92.2,93.4,94.3,95.1,95.7,96.3,96.8,97.1,97.5,97.8,98,98.1,98.3,..,..
"Bahamas, The",BHS,Access to clean fuels and technologies for cooking (% of population),EG.CFT.ACCS.ZS,..,..,..,..,..,..,..,..,..,..,..,..,..,..,..,..,..,..,..,..,..,..,..,..,..,..,100,100,100,100,100,100,100,100,100,100,100,100,100,100,100,100,100,100,100,100,100,100,..,..
Bahrain,BHR,Access to clean fuels and technologies for cooking (% of population),EG.CFT.ACCS.ZS,..,..,..,..,..,..,..,..,..,..,..,..,..,..,..,..,..,..,..,..,..,..,..,..,..,..,100,100,100,100,100,100,100,100,100,100,100,100,100,100,100,100,100,100,100,100,100,100,..,..
Bangladesh,BGD,Access to clean fuels and technologies for cooking (% of population),EG.CFT.ACCS.ZS,..,..,..,..,..,..,..,..,..,..,..,..,..,..,..,..,..,..,..,..,..,..,..,..,..,..,7.8,8,8.3,8.5,8.9,9.3,9.9,10.4,11.1,11.8,12.7,13.6,14.7,15.8,17,18.1,19.3,20.6,22,23.5,25,26.5,..,..
Barbados,BRB,Access to clean fuels and technologies for cooking (% of population),EG.CFT.ACCS.ZS,..,..,..,..,..,..,..,..,..,..,..,..,..,..,..,..,..,..,..,..,..,..,..,..,..,..,100,100,100,100,100,100,100,100,100,100,100,100,100,100,100,100,100,100,100,100,100,100,..,..
Belarus,BLR,Access to clean fuels and technologies for cooking (% of population),EG.CFT.ACCS.ZS,..,..,..,..,..,..,..,..,..,..,..,..,..,..,..,..,..,..,..,..,..,..,..,..,..,..,94.2,94.9,95.6,96.1,96.7,97.1,97.5,97.8,98.1,98.4,98.7,98.8,99,99.1,99.3,99.3,99.4,99.5,99.5,99.6,99.6,99.6,..,..
Belgium,BEL,Access to clean fuels and technologies for cooking (% of population),EG.CFT.ACCS.ZS,..,..,..,..,..,..,..,..,..,..,..,..,..,..,..,..,..,..,..,..,..,..,..,..,..,..,100,100,100,100,100,100,100,100,100,100,100,100,100,100,100,100,100,100,100,100,100,100,..,..
Belize,BLZ,Access to clean fuels and technologies for cooking (% of population),EG.CFT.ACCS.ZS,..,..,..,..,..,..,..,..,..,..,..,..,..,..,..,..,..,..,..,..,..,..,..,..,..,..,79.4,80.4,81.1,81.8,82.4,82.7,83,83.3,83.4,83.4,83.6,83.5,83.5,83.4,83.4,83.4,83.4,83.3,83.1,83.1,83,83,..,..
Benin,BEN,Access to clean fuels and technologies for cooking (% of population),EG.CFT.ACCS.ZS,..,..,..,..,..,..,..,..,..,..,..,..,..,..,..,..,..,..,..,..,..,..,..,..,..,..,0.6,0.800000000000001,1.1,1.49999999999999,1.89999999999999,2.39999999999999,2.9,3.4,3.9,4.2,4.6,4.7,4.9,5,5.09999999999999,5,4.9,4.9,4.8,4.8,4.7,4.6,..,..
Bermuda,BMU,Access to clean fuels and technologies for cooking (% of population),EG.CFT.ACCS.ZS,..,..,..,..,..,..,..,..,..,..,..,..,..,..,..,..,..,..,..,..,..,..,..,..,..,..,..,..,..,..,..,..,..,..,..,..,..,..,..,..,..,..,..,..,..,..,..,..,..,..
Bhutan,BTN,Access to clean fuels and technologies for cooking (% of population),EG.CFT.ACCS.ZS,..,..,..,..,..,..,..,..,..,..,..,..,..,..,..,..,..,..,..,..,..,..,..,..,..,..,27.6,31.2,34.9,38.5,42.8,46.6,50.5,54.3,57.8,61.2,64.4,67.9,70.4,73.1,75.5,77.7,79.75,81.5,83.1,84.6,86,87,..,..
Bolivia,BOL,Access to clean fuels and technologies for cooking (% of population),EG.CFT.ACCS.ZS,..,..,..,..,..,..,..,..,..,..,..,..,..,..,..,..,..,..,..,..,..,..,..,..,..,..,63.2,64.2,65.3,66.3,67.5,68.8,70.1,71.5,72.9,74.3,75.8,77.2,78.6,80,81.1,82.4,83.5,84.5,85.6,86.5,87.3,88.3,..,..
Bosnia and Herzegovina,BIH,Access to clean fuels and technologies for cooking (% of population),EG.CFT.ACCS.ZS,..,..,..,..,..,..,..,..,..,..,..,..,..,..,..,..,..,..,..,..,..,..,..,..,..,..,52.3,52,51.5,50.2,49.6,48.7,48.1,47.4,46.6,46,45.1,44.15,44,43.1,43.1,42.6,42,42,42,41.9,41.4,41.65,..,..
Botswana,BWA,Access to clean fuels and technologies for cooking (% of population),EG.CFT.ACCS.ZS,..,..,..,..,..,..,..,..,..,..,..,..,..,..,..,..,..,..,..,..,..,..,..,..,..,..,44.5,46.3,47.9,49.65,50.9,51.95,53.3,54.7,56.1,57.4,58.5,59.6,60.5,61.1,61.8,62.3,63,63.6,64.1,64.8,65.3,65.7,..,..
Brazil,BRA,Access to clean fuels and technologies for cooking (% of population),EG.CFT.ACCS.ZS,..,..,..,..,..,..,..,..,..,..,..,..,..,..,..,..,..,..,..,..,..,..,..,..,..,..,89,89.6,90.2,90.6,91.3,91.6,92.1,92.6,93.1,93.6,94,94.3,94.7,95,95.3,95.6,95.8,95.9,96.1,96.3,96.4,96.5,..,..
British Virgin Islands,VGB,Access to clean fuels and technologies for cooking (% of population),EG.CFT.ACCS.ZS,..,..,..,..,..,..,..,..,..,..,..,..,..,..,..,..,..,..,..,..,..,..,..,..,..,..,..,..,..,..,..,..,..,..,..,..,..,..,..,..,..,..,..,..,..,..,..,..,..,..
Brunei Darussalam,BRN,Access to clean fuels and technologies for cooking (% of population),EG.CFT.ACCS.ZS,..,..,..,..,..,..,..,..,..,..,..,..,..,..,..,..,..,..,..,..,..,..,..,..,..,..,100,100,100,100,100,100,100,100,100,100,100,100,100,100,100,100,100,100,100,100,100,100,..,..
Bulgaria,BGR,Access to clean fuels and technologies for cooking (% of population),EG.CFT.ACCS.ZS,..,..,..,..,..,..,..,..,..,..,..,..,..,..,..,..,..,..,..,..,..,..,..,..,..,..,..,..,..,..,..,..,..,..,..,..,..,..,..,..,..,..,..,..,..,..,..,..,..,..
Burkina Faso,BFA,Access to clean fuels and technologies for cooking (% of population),EG.CFT.ACCS.ZS,..,..,..,..,..,..,..,..,..,..,..,..,..,..,..,..,..,..,..,..,..,..,..,..,..,..,2.7,2.9,3.2,3.4,3.7,3.9,4.3,4.7,5,5.4,5.8,6.2,6.7,7.2,7.7,8.2,8.7,9.3,9.8,10.3,11.1,11.7,..,..
Burundi,BDI,Access to clean fuels and technologies for cooking (% of population),EG.CFT.ACCS.ZS,..,..,..,..,..,..,..,..,..,..,..,..,..,..,..,..,..,..,..,..,..,..,..,..,..,..,0.3,0.3,0.3,0.3,0.3,0.3,0.3,0.2,0.3,0.2,0.2,0.2,0.2,0.2,0.2,0.2,0.2,0.2,0.2,0.2,0.2,0.2,..,..
Cabo Verde,CPV,Access to clean fuels and technologies for cooking (% of population),EG.CFT.ACCS.ZS,..,..,..,..,..,..,..,..,..,..,..,..,..,..,..,..,..,..,..,..,..,..,..,..,..,..,62.5,63.1,63.4,63.9,64.3,65,65.9,66.7,67.7,68.8,70,71,72,73.1,74.3,75.3,76.5,77.6,78.6,79.7,80.7,81.8,..,..
Cambodia,KHM,Access to clean fuels and technologies for cooking (% of population),EG.CFT.ACCS.ZS,..,..,..,..,..,..,..,..,..,..,..,..,..,..,..,..,..,..,..,..,..,..,..,..,..,..,3.5,4.1,4.69999999999999,5.29999999999999,5.99999999999999,6.8,7.6,8.4,9.4,10.5,11.8,13,14.8,16.4,18.5,20.8,23.5,26.6,30.3,34.5,39.3,44.5,..,..
Cameroon,CMR,Access to clean fuels and technologies for cooking (% of population),EG.CFT.ACCS.ZS,..,..,..,..,..,..,..,..,..,..,..,..,..,..,..,..,..,..,..,..,..,..,..,..,..,..,10,10.8,11.8,12.8,13.8,14.7,15.7,16.7,17.6,18.5,19.2,20,20.6,21.2,21.6,22,22.3,22.5,22.6,22.7,22.8,22.8,..,..
Canada,CAN,Access to clean fuels and technologies for cooking (% of population),EG.CFT.ACCS.ZS,..,..,..,..,..,..,..,..,..,..,..,..,..,..,..,..,..,..,..,..,..,..,..,..,..,..,100,100,100,100,100,100,100,100,100,100,100,100,100,100,100,100,100,100,100,100,100,100,..,..
Cayman Islands,CYM,Access to clean fuels and technologies for cooking (% of population),EG.CFT.ACCS.ZS,..,..,..,..,..,..,..,..,..,..,..,..,..,..,..,..,..,..,..,..,..,..,..,..,..,..,..,..,..,..,..,..,..,..,..,..,..,..,..,..,..,..,..,..,..,..,..,..,..,..
Central African Republic,CAF,Access to clean fuels and technologies for cooking (% of population),EG.CFT.ACCS.ZS,..,..,..,..,..,..,..,..,..,..,..,..,..,..,..,..,..,..,..,..,..,..,..,..,..,..,0.6,0.6,0.6,0.5,0.6,0.5,0.5,0.5,0.5,0.5,0.6,0.6,0.6,0.6,0.6,0.6,0.6,0.700000000000001,0.700000000000001,0.800000000000001,0.800000000000001,0.900000000000001,..,..
Chad,TCD,Access to clean fuels and technologies for cooking (% of population),EG.CFT.ACCS.ZS,..,..,..,..,..,..,..,..,..,..,..,..,..,..,..,..,..,..,..,..,..,..,..,..,..,..,2.7,2.6,2.5,2.4,2.3,2.3,2.3,2.3,2.4,2.6,2.7,2.9,3.1,3.5,3.8,4.2,4.7,5.2,5.89999999999999,6.6,7.3,8,..,..
Channel Islands,CHI,Access to clean fuels and technologies for cooking (% of population),EG.CFT.ACCS.ZS,..,..,..,..,..,..,..,..,..,..,..,..,..,..,..,..,..,..,..,..,..,..,..,..,..,..,..,..,..,..,..,..,..,..,..,..,..,..,..,..,..,..,..,..,..,..,..,..,..,..
Chile,CHL,Access to clean fuels and technologies for cooking (% of population),EG.CFT.ACCS.ZS,..,..,..,..,..,..,..,..,..,..,..,..,..,..,..,..,..,..,..,..,..,..,..,..,..,..,100,100,100,100,100,100,100,100,100,100,100,100,100,100,100,100,100,100,100,100,100,100,..,..
China,CHN,Access to clean fuels and technologies for cooking (% of population),EG.CFT.ACCS.ZS,..,..,..,..,..,..,..,..,..,..,..,..,..,..,..,..,..,..,..,..,..,..,..,..,..,..,40.4,41.6,42.9,44.3,45.7,47.3,49.1,51.3,53.3,55.8,58.1,60.7,63.2,65.6,68.2,70.6,73.1,75.4,77.6,79.4,81.4,83.2,..,..
Colombia,COL,Access to clean fuels and technologies for cooking (% of population),EG.CFT.ACCS.ZS,..,..,..,..,..,..,..,..,..,..,..,..,..,..,..,..,..,..,..,..,..,..,..,..,..,..,77.9,79,79.9,80.7,81.4,82.3,83,83.7,84.4,85.2,85.9,86.7,87.4,88.2,89,89.6,90.3,90.9,91.6,92.1,92.8,93.3,..,..
Comoros,COM,Access to clean fuels and technologies for cooking (% of population),EG.CFT.ACCS.ZS,..,..,..,..,..,..,..,..,..,..,..,..,..,..,..,..,..,..,..,..,..,..,..,..,..,..,0.5,0.6,0.800000000000001,1,1.1,1.4,1.6,1.9,2.3,2.7,3.2,3.69999999999999,4.3,4.9,5.6,6.3,7.00000000000001,7.9,8.7,9.60000000000001,10.5,11.3,..,..
"Congo, Dem. Rep.",COD,Access to clean fuels and technologies for cooking (% of population),EG.CFT.ACCS.ZS,..,..,..,..,..,..,..,..,..,..,..,..,..,..,..,..,..,..,..,..,..,..,..,..,..,..,1.1,1.3,1.5,1.7,1.9,2.1,2.3,2.6,2.7,2.9,3.1,3.3,3.4,3.7,3.8,3.9,3.9,4.1,4.2,4.2,4.3,4.3,..,..
"Congo, Rep.",COG,Access to clean fuels and technologies for cooking (% of population),EG.CFT.ACCS.ZS,..,..,..,..,..,..,..,..,..,..,..,..,..,..,..,..,..,..,..,..,..,..,..,..,..,..,8.20000000000001,8.8,9.3,10,10.8,11.5,12.5,13.5,14.5,15.9,17.1,18.6,20.1,21.7,23.5,25.2,26.9,28.7,30.4,32.2,34.1,35.6,..,..
Costa Rica,CRI,Access to clean fuels and technologies for cooking (% of population),EG.CFT.ACCS.ZS,..,..,..,..,..,..,..,..,..,..,..,..,..,..,..,..,..,..,..,..,..,..,..,..,..,..,88.8,89.2,89.6,89.9,90.3,90.7,91.1,91.3,91.8,92.2,92.5,92.8,93.2,93.6,93.9,94.3,94.6,95,95.2,95.4,95.7,95.9,..,..
Cote d'Ivoire,CIV,Access to clean fuels and technologies for cooking (% of population),EG.CFT.ACCS.ZS,..,..,..,..,..,..,..,..,..,..,..,..,..,..,..,..,..,..,..,..,..,..,..,..,..,..,17,16.5,16.6,16.5,16.4,16.6,16.7,17,17.5,18,18.6,19.2,19.9,20.9,21.9,23.1,24.3,25.9,27.3,28.7,30.2,31.7,..,..
Croatia,HRV,Access to clean fuels and technologies for cooking (% of population),EG.CFT.ACCS.ZS,..,..,..,..,..,..,..,..,..,..,..,..,..,..,..,..,..,..,..,..,..,..,..,..,..,..,100,100,100,100,100,100,100,100,100,100,100,100,100,100,100,100,100,100,100,100,100,100,..,..
Cuba,CUB,Access to clean fuels and technologies for cooking (% of population),EG.CFT.ACCS.ZS,..,..,..,..,..,..,..,..,..,..,..,..,..,..,..,..,..,..,..,..,..,..,..,..,..,..,71.4,74,76.7,78.9,81.2,82.8,84.45,86.2,87.2,88.5,89.5,90.4,91.1,91.7,92.3,92.9,93.2,93.5,93.8,94,94.3,94.3,..,..
Curacao,CUW,Access to clean fuels and technologies for cooking (% of population),EG.CFT.ACCS.ZS,..,..,..,..,..,..,..,..,..,..,..,..,..,..,..,..,..,..,..,..,..,..,..,..,..,..,..,..,..,..,..,..,..,..,..,..,..,..,..,..,..,..,..,..,..,..,..,..,..,..
Cyprus,CYP,Access to clean fuels and technologies for cooking (% of population),EG.CFT.ACCS.ZS,..,..,..,..,..,..,..,..,..,..,..,..,..,..,..,..,..,..,..,..,..,..,..,..,..,..,100,100,100,100,100,100,100,100,100,100,100,100,100,100,100,100,100,100,100,100,100,100,..,..
Czechia,CZE,Access to clean fuels and technologies for cooking (% of population),EG.CFT.ACCS.ZS,..,..,..,..,..,..,..,..,..,..,..,..,..,..,..,..,..,..,..,..,..,..,..,..,..,..,100,100,100,100,100,100,100,100,100,100,100,100,100,100,100,100,100,100,100,100,100,100,..,..
Denmark,DNK,Access to clean fuels and technologies for cooking (% of population),EG.CFT.ACCS.ZS,..,..,..,..,..,..,..,..,..,..,..,..,..,..,..,..,..,..,..,..,..,..,..,..,..,..,100,100,100,100,100,100,100,100,100,100,100,100,100,100,100,100,100,100,100,100,100,100,..,..
Djibouti,DJI,Access to clean fuels and technologies for cooking (% of population),EG.CFT.ACCS.ZS,..,..,..,..,..,..,..,..,..,..,..,..,..,..,..,..,..,..,..,..,..,..,..,..,..,..,3.89999999999999,4,4.2,4.3,4.69999999999999,4.8,5,5.39999999999999,5.6,6,6.3,6.80000000000001,7.2,7.50000000000001,7.80000000000001,8.2,8.40000000000001,8.7,8.9,9.20000000000001,9.25,9.6,..,..
Dominica,DMA,Access to clean fuels and technologies for cooking (% of population),EG.CFT.ACCS.ZS,..,..,..,..,..,..,..,..,..,..,..,..,..,..,..,..,..,..,..,..,..,..,..,..,..,..,80.6,81.6,82.5,83.4,84.1,84.8,85.6,86.1,86.9,87.5,87.9,88.4,88.7,89,89.3,89.5,89.6,89.5,89.7,89.6,89.5,89.4,..,..
Dominican Republic,DOM,Access to clean fuels and technologies for cooking (% of population),EG.CFT.ACCS.ZS,..,..,..,..,..,..,..,..,..,..,..,..,..,..,..,..,..,..,..,..,..,..,..,..,..,..,83.3,84.3,85,85.6,86.2,86.6,86.9,87.3,87.3,87.6,87.8,88,88.2,88.4,88.8,89.1,89.6,90,90.5,90.9,91.3,91.5,..,..
Ecuador,ECU,Access to clean fuels and technologies for cooking (% of population),EG.CFT.ACCS.ZS,..,..,..,..,..,..,..,..,..,..,..,..,..,..,..,..,..,..,..,..,..,..,..,..,..,..,88,89,89.7,90.5,91.1,91.6,92.1,92.6,93,93.2,93.5,93.7,93.9,94.1,94.2,94.3,94.4,94.5,94.6,94.5,94.6,94.7,..,..
"Egypt, Arab Rep.",EGY,Access to clean fuels and technologies for cooking (% of population),EG.CFT.ACCS.ZS,..,..,..,..,..,..,..,..,..,..,..,..,..,..,..,..,..,..,..,..,..,..,..,..,..,..,82.8,86.5,89.6,92.1,94,95.6,96.8,97.7,98.3,98.9,99.2,99.4,99.6,99.7,99.8,99.8,99.9,99.9,99.9,99.9,99.9,99.9,..,..
El Salvador,SLV,Access to clean fuels and technologies for cooking (% of population),EG.CFT.ACCS.ZS,..,..,..,..,..,..,..,..,..,..,..,..,..,..,..,..,..,..,..,..,..,..,..,..,..,..,57.9,60,62,64,65.8,67.8,69.5,71.3,73.25,75.1,77,78.7,80.5,82.2,83.9,85.4,86.9,88.3,89.6,90.7,91.8,92.7,..,..
Equatorial Guinea,GNQ,Access to clean fuels and technologies for cooking (% of population),EG.CFT.ACCS.ZS,..,..,..,..,..,..,..,..,..,..,..,..,..,..,..,..,..,..,..,..,..,..,..,..,..,..,18.5,19,19.4,20,20.3,20.5,21,21.6,22,22.7,23.1,23.4,23.6,23.8,24,23.9,24,24,23.9,24,23.9,24.1,..,..
Eritrea,ERI,Access to clean fuels and technologies for cooking (% of population),EG.CFT.ACCS.ZS,..,..,..,..,..,..,..,..,..,..,..,..,..,..,..,..,..,..,..,..,..,..,..,..,..,..,3.5,3.89999999999999,4.3,4.79999999999999,5.29999999999999,5.69999999999999,6.2,6.7,7.3,7.70000000000001,8.1,8.5,8.9,9.3,9.60000000000001,10,10.2,10.4,10.7,11.1,11.1,11.5,..,..
Estonia,EST,Access to clean fuels and technologies for cooking (% of population),EG.CFT.ACCS.ZS,..,..,..,..,..,..,..,..,..,..,..,..,..,..,..,..,..,..,..,..,..,..,..,..,..,..,100,100,100,100,100,100,100,100,100,100,100,100,100,100,100,100,100,100,100,100,100,100,..,..
Eswatini,SWZ,Access to clean fuels and technologies for cooking (% of population),EG.CFT.ACCS.ZS,..,..,..,..,..,..,..,..,..,..,..,..,..,..,..,..,..,..,..,..,..,..,..,..,..,..,24.6,25.7,26.9,28.2,29.4,30.8,32,33.6,35.4,37.1,39,40.8,42.5,44.3,45.9,47.8,49.5,51.4,53.1,54.7,56.4,58.1,..,..
Ethiopia,ETH,Access to clean fuels and technologies for cooking (% of population),EG.CFT.ACCS.ZS,..,..,..,..,..,..,..,..,..,..,..,..,..,..,..,..,..,..,..,..,..,..,..,..,..,..,0.900000000000001,0.900000000000001,1,1,1.1,1.2,1.4,1.6,1.79999999999999,2,2.3,2.7,3,3.4,3.89999999999999,4.2,4.7,5.2,5.69999999999999,6.2,6.8,7.5,..,..
Faroe Islands,FRO,Access to clean fuels and technologies for cooking (% of population),EG.CFT.ACCS.ZS,..,..,..,..,..,..,..,..,..,..,..,..,..,..,..,..,..,..,..,..,..,..,..,..,..,..,..,..,..,..,..,..,..,..,..,..,..,..,..,..,..,..,..,..,..,..,..,..,..,..
Fiji,FJI,Access to clean fuels and technologies for cooking (% of population),EG.CFT.ACCS.ZS,..,..,..,..,..,..,..,..,..,..,..,..,..,..,..,..,..,..,..,..,..,..,..,..,..,..,28.5,28.4,28.7,28.8,29.1,29.5,30,30.5,31.4,32.3,33.3,34.3,35.6,37.1,38.6,40.5,42.1,44,46,47.9,49.8,51.4,..,..
Finland,FIN,Access to clean fuels and technologies for cooking (% of population),EG.CFT.ACCS.ZS,..,..,..,..,..,..,..,..,..,..,..,..,..,..,..,..,..,..,..,..,..,..,..,..,..,..,100,100,100,100,100,100,100,100,100,100,100,100,100,100,100,100,100,100,100,100,100,100,..,..
France,FRA,Access to clean fuels and technologies for cooking (% of population),EG.CFT.ACCS.ZS,..,..,..,..,..,..,..,..,..,..,..,..,..,..,..,..,..,..,..,..,..,..,..,..,..,..,100,100,100,100,100,100,100,100,100,100,100,100,100,100,100,100,100,100,100,100,100,100,..,..
French Polynesia,PYF,Access to clean fuels and technologies for cooking (% of population),EG.CFT.ACCS.ZS,..,..,..,..,..,..,..,..,..,..,..,..,..,..,..,..,..,..,..,..,..,..,..,..,..,..,..,..,..,..,..,..,..,..,..,..,..,..,..,..,..,..,..,..,..,..,..,..,..,..
Gabon,GAB,Access to clean fuels and technologies for cooking (% of population),EG.CFT.ACCS.ZS,..,..,..,..,..,..,..,..,..,..,..,..,..,..,..,..,..,..,..,..,..,..,..,..,..,..,64.4,66.1,68,69.7,71.4,73,74.6,76.2,77.6,79,80.5,81.7,82.9,84,85.1,86,86.8,87.6,88.2,88.8,89.3,89.7,..,..
"Gambia, The",GMB,Access to clean fuels and technologies for cooking (% of population),EG.CFT.ACCS.ZS,..,..,..,..,..,..,..,..,..,..,..,..,..,..,..,..,..,..,..,..,..,..,..,..,..,..,3.6,3.5,3.5,3.3,3.3,3.3,3.1,3,2.9,2.8,2.6,2.6,2.4,2.3,2.1,2,2,1.9,1.8,1.8,1.8,1.7,..,..
Georgia,GEO,Access to clean fuels and technologies for cooking (% of population),EG.CFT.ACCS.ZS,..,..,..,..,..,..,..,..,..,..,..,..,..,..,..,..,..,..,..,..,..,..,..,..,..,..,47,48,48.9,50.7,52.5,54.3,56.5,58.6,61.1,63.4,66.2,68.8,71.5,74.1,76.9,79.3,81.7,83.8,85.75,87.6,89.3,90.6,..,..
Germany,DEU,Access to clean fuels and technologies for cooking (% of population),EG.CFT.ACCS.ZS,..,..,..,..,..,..,..,..,..,..,..,..,..,..,..,..,..,..,..,..,..,..,..,..,..,..,100,100,100,100,100,100,100,100,100,100,100,100,100,100,100,100,100,100,100,100,100,100,..,..
Ghana,GHA,Access to clean fuels and technologies for cooking (% of population),EG.CFT.ACCS.ZS,..,..,..,..,..,..,..,..,..,..,..,..,..,..,..,..,..,..,..,..,..,..,..,..,..,..,6.3,6.9,7.6,8.1,9.05,9.95,10.7,11.7,12.7,13.9,15.1,16.3,17.7,18.9,20.2,21.4,22.9,24.4,25.7,27.3,28.7,30.3,..,..
Gibraltar,GIB,Access to clean fuels and technologies for cooking (% of population),EG.CFT.ACCS.ZS,..,..,..,..,..,..,..,..,..,..,..,..,..,..,..,..,..,..,..,..,..,..,..,..,..,..,..,..,..,..,..,..,..,..,..,..,..,..,..,..,..,..,..,..,..,..,..,..,..,..
Greece,GRC,Access to clean fuels and technologies for cooking (% of population),EG.CFT.ACCS.ZS,..,..,..,..,..,..,..,..,..,..,..,..,..,..,..,..,..,..,..,..,..,..,..,..,..,..,100,100,100,100,100,100,100,100,100,100,100,100,100,100,100,100,100,100,100,100,100,100,..,..
Greenland,GRL,Access to clean fuels and technologies for cooking (% of population),EG.CFT.ACCS.ZS,..,..,..,..,..,..,..,..,..,..,..,..,..,..,..,..,..,..,..,..,..,..,..,..,..,..,..,..,..,..,..,..,..,..,..,..,..,..,..,..,..,..,..,..,..,..,..,..,..,..
Grenada,GRD,Access to clean fuels and technologies for cooking (% of population),EG.CFT.ACCS.ZS,..,..,..,..,..,..,..,..,..,..,..,..,..,..,..,..,..,..,..,..,..,..,..,..,..,..,92.5,92.8,93,93.1,93.1,93.2,93.1,93.1,93,92.8,92.7,92.4,92.1,91.9,91.5,91.1,90.7,90.1,89.7,89.2,88.7,88.3,..,..
Guam,GUM,Access to clean fuels and technologies for cooking (% of population),EG.CFT.ACCS.ZS,..,..,..,..,..,..,..,..,..,..,..,..,..,..,..,..,..,..,..,..,..,..,..,..,..,..,..,..,..,..,..,..,..,..,..,..,..,..,..,..,..,..,..,..,..,..,..,..,..,..
Guatemala,GTM,Access to clean fuels and technologies for cooking (% of population),EG.CFT.ACCS.ZS,..,..,..,..,..,..,..,..,..,..,..,..,..,..,..,..,..,..,..,..,..,..,..,..,..,..,40.7,39.9,39.2,38.7,38.3,37.9,37.7,37.8,37.8,38.1,38.5,39.1,39.7,40.6,41.3,42.2,43.2,44.2,45.3,46.3,47.3,48.1,..,..
Guinea,GIN,Access to clean fuels and technologies for cooking (% of population),EG.CFT.ACCS.ZS,..,..,..,..,..,..,..,..,..,..,..,..,..,..,..,..,..,..,..,..,..,..,..,..,..,..,0.700000000000001,0.800000000000001,0.800000000000001,0.800000000000001,0.800000000000001,0.800000000000001,0.800000000000001,0.800000000000001,0.800000000000001,0.800000000000001,0.800000000000001,0.800000000000001,0.800000000000001,0.800000000000001,0.800000000000001,0.800000000000001,0.800000000000001,0.900000000000001,0.900000000000001,0.900000000000001,0.900000000000001,1,..,..
Guinea-Bissau,GNB,Access to clean fuels and technologies for cooking (% of population),EG.CFT.ACCS.ZS,..,..,..,..,..,..,..,..,..,..,..,..,..,..,..,..,..,..,..,..,..,..,..,..,..,..,1.4,1.4,1.3,1.3,1.2,1.2,1.2,1.2,1.1,1.2,1.1,1.1,1.1,1.1,1.1,1.1,1.1,1.1,1.1,1,1,1,..,..
Guyana,GUY,Access to clean fuels and technologies for cooking (% of population),EG.CFT.ACCS.ZS,..,..,..,..,..,..,..,..,..,..,..,..,..,..,..,..,..,..,..,..,..,..,..,..,..,..,35.3,37.6,40.1,42.6,45.1,47.7,50.5,53.2,55.9,58.6,61.3,63.7,66.2,68.5,70.8,72.8,74.9,76.5,78.1,79.5,81,82,..,..
Haiti,HTI,Access to clean fuels and technologies for cooking (% of population),EG.CFT.ACCS.ZS,..,..,..,..,..,..,..,..,..,..,..,..,..,..,..,..,..,..,..,..,..,..,..,..,..,..,2.5,2.69999999999999,2.8,2.99999999999999,3.1,3.2,3.3,3.49999999999999,3.5,3.6,3.69999999999999,3.7,3.7,3.8,3.9,3.9,4,4,4.1,4.1,4.2,4.3,..,..
Honduras,HND,Access to clean fuels and technologies for cooking (% of population),EG.CFT.ACCS.ZS,..,..,..,..,..,..,..,..,..,..,..,..,..,..,..,..,..,..,..,..,..,..,..,..,..,..,30.3,31.9,33.3,34.6,36,37.35,38.6,39.4,40.6,41.4,42.4,43.3,44,44.5,45.3,45.8,46.5,47.4,47.75,48.6,49.05,49.5,..,..
"Hong Kong SAR, China",HKG,Access to clean fuels and technologies for cooking (% of population),EG.CFT.ACCS.ZS,..,..,..,..,..,..,..,..,..,..,..,..,..,..,..,..,..,..,..,..,..,..,..,..,..,..,..,..,..,..,..,..,..,..,..,..,..,..,..,..,..,..,..,..,..,..,..,..,..,..
Hungary,HUN,Access to clean fuels and technologies for cooking (% of population),EG.CFT.ACCS.ZS,..,..,..,..,..,..,..,..,..,..,..,..,..,..,..,..,..,..,..,..,..,..,..,..,..,..,100,100,100,100,100,100,100,100,100,100,100,100,100,100,100,100,100,100,100,100,100,100,..,..
Iceland,ISL,Access to clean fuels and technologies for cooking (% of population),EG.CFT.ACCS.ZS,..,..,..,..,..,..,..,..,..,..,..,..,..,..,..,..,..,..,..,..,..,..,..,..,..,..,100,100,100,100,100,100,100,100,100,100,100,100,100,100,100,100,100,100,100,100,100,100,..,..
India,IND,Access to clean fuels and technologies for cooking (% of population),EG.CFT.ACCS.ZS,..,..,..,..,..,..,..,..,..,..,..,..,..,..,..,..,..,..,..,..,..,..,..,..,..,..,22.1,23.1,24.55,25.7,27,28.1,29.4,31.1,32.35,34,35.6,38,40,42.8,45.5,48.55,51.9,55.5,59.5,63.3,67.3,71.1,..,..
Indonesia,IDN,Access to clean fuels and technologies for cooking (% of population),EG.CFT.ACCS.ZS,..,..,..,..,..,..,..,..,..,..,..,..,..,..,..,..,..,..,..,..,..,..,..,..,..,..,6.70000000000001,7.80000000000001,9.20000000000001,11,13.4,16,19.7,24.2,29.3,35,40.7,46.5,52.15,57.2,62,66.8,70.85,74.7,78.5,81.6,84.4,86.9,..,..
"Iran, Islamic Rep.",IRN,Access to clean fuels and technologies for cooking (% of population),EG.CFT.ACCS.ZS,..,..,..,..,..,..,..,..,..,..,..,..,..,..,..,..,..,..,..,..,..,..,..,..,..,..,92.9,93.3,93.9,94.5,95,95.4,95.7,96.1,96.3,96.5,96.6,96.7,96.8,96.9,96.9,96.8,96.8,96.8,96.7,96.7,96.6,96.4,..,..
Iraq,IRQ,Access to clean fuels and technologies for cooking (% of population),EG.CFT.ACCS.ZS,..,..,..,..,..,..,..,..,..,..,..,..,..,..,..,..,..,..,..,..,..,..,..,..,..,..,70.5,74.4,77.9,81.1,84.2,86.8,89,91.1,92.7,94,95.1,95.9,96.7,97.3,97.8,98.1,98.5,98.7,98.9,99,99.2,99.3,..,..
Ireland,IRL,Access to clean fuels and technologies for cooking (% of population),EG.CFT.ACCS.ZS,..,..,..,..,..,..,..,..,..,..,..,..,..,..,..,..,..,..,..,..,..,..,..,..,..,..,100,100,100,100,100,100,100,100,100,100,100,100,100,100,100,100,100,100,100,100,100,100,..,..
Isle of Man,IMN,Access to clean fuels and technologies for cooking (% of population),EG.CFT.ACCS.ZS,..,..,..,..,..,..,..,..,..,..,..,..,..,..,..,..,..,..,..,..,..,..,..,..,..,..,..,..,..,..,..,..,..,..,..,..,..,..,..,..,..,..,..,..,..,..,..,..,..,..
Israel,ISR,Access to clean fuels and technologies for cooking (% of population),EG.CFT.ACCS.ZS,..,..,..,..,..,..,..,..,..,..,..,..,..,..,..,..,..,..,..,..,..,..,..,..,..,..,100,100,100,100,100,100,100,100,100,100,100,100,100,100,100,100,100,100,100,100,100,100,..,..
Italy,ITA,Access to clean fuels and technologies for cooking (% of population),EG.CFT.ACCS.ZS,..,..,..,..,..,..,..,..,..,..,..,..,..,..,..,..,..,..,..,..,..,..,..,..,..,..,100,100,100,100,100,100,100,100,100,100,100,100,100,100,100,100,100,100,100,100,100,100,..,..
Jamaica,JAM,Access to clean fuels and technologies for cooking (% of population),EG.CFT.ACCS.ZS,..,..,..,..,..,..,..,..,..,..,..,..,..,..,..,..,..,..,..,..,..,..,..,..,..,..,74.7,76.6,78.3,79.6,81.1,82.2,83.4,84,85,85.6,86.1,86.2,86.5,86.35,86.4,86,85.8,85.4,84.8,84.2,83.4,82.5,..,..
Japan,JPN,Access to clean fuels and technologies for cooking (% of population),EG.CFT.ACCS.ZS,..,..,..,..,..,..,..,..,..,..,..,..,..,..,..,..,..,..,..,..,..,..,..,..,..,..,100,100,100,100,100,100,100,100,100,100,100,100,100,100,100,100,100,100,100,100,100,100,..,..
Jordan,JOR,Access to clean fuels and technologies for cooking (% of population),EG.CFT.ACCS.ZS,..,..,..,..,..,..,..,..,..,..,..,..,..,..,..,..,..,..,..,..,..,..,..,..,..,..,99.6,99.7,99.7,99.8,99.8,99.8,99.9,99.9,99.9,99.9,99.9,99.9,99.9,99.9,99.9,99.9,99.9,99.9,99.9,99.9,99.9,99.9,..,..
Kazakhstan,KAZ,Access to clean fuels and technologies for cooking (% of population),EG.CFT.ACCS.ZS,..,..,..,..,..,..,..,..,..,..,..,..,..,..,..,..,..,..,..,..,..,..,..,..,..,..,84.8,85.5,86.3,87.1,87.7,88.5,89.3,89.8,90.4,90.9,91.5,91.95,92.2,92.6,92.9,93.1,93.3,93.5,93.7,93.8,93.8,93.9,..,..
Kenya,KEN,Access to clean fuels and technologies for cooking (% of population),EG.CFT.ACCS.ZS,..,..,..,..,..,..,..,..,..,..,..,..,..,..,..,..,..,..,..,..,..,..,..,..,..,..,1.8,2.1,2.5,3,3.4,4,4.6,5.19999999999999,5.8,6.40000000000001,7.10000000000001,7.9,8.70000000000001,9.70000000000001,10.8,12.1,13.8,15.55,17.4,19.5,21.7,23.9,..,..
Kiribati,KIR,Access to clean fuels and technologies for cooking (% of population),EG.CFT.ACCS.ZS,..,..,..,..,..,..,..,..,..,..,..,..,..,..,..,..,..,..,..,..,..,..,..,..,..,..,1,1.1,1.2,1.3,1.4,1.6,1.89999999999999,2.1,2.4,2.8,3.2,3.6,4.2,4.8,5.49999999999999,6.3,7.1,8.00000000000001,9.1,10,11.3,12.4,..,..
"Korea, Dem. People's Rep.",PRK,Access to clean fuels and technologies for cooking (% of population),EG.CFT.ACCS.ZS,..,..,..,..,..,..,..,..,..,..,..,..,..,..,..,..,..,..,..,..,..,..,..,..,..,..,1.8,2,2.3,2.59999999999999,2.89999999999999,3.3,3.7,4.2,4.69999999999999,5.1,5.7,6.2,6.8,7.4,7.9,8.6,9.2,9.9,10.4,11.1,11.8,12.5,..,..
"Korea, Rep.",KOR,Access to clean fuels and technologies for cooking (% of population),EG.CFT.ACCS.ZS,..,..,..,..,..,..,..,..,..,..,..,..,..,..,..,..,..,..,..,..,..,..,..,..,..,..,100,100,100,100,100,100,100,100,100,100,100,100,100,100,100,100,100,100,100,100,100,100,..,..
Kosovo,XKX,Access to clean fuels and technologies for cooking (% of population),EG.CFT.ACCS.ZS,..,..,..,..,..,..,..,..,..,..,..,..,..,..,..,..,..,..,..,..,..,..,..,..,..,..,..,..,..,..,..,..,..,..,..,..,..,..,..,..,..,..,..,..,..,..,..,..,..,..
Kuwait,KWT,Access to clean fuels and technologies for cooking (% of population),EG.CFT.ACCS.ZS,..,..,..,..,..,..,..,..,..,..,..,..,..,..,..,..,..,..,..,..,..,..,..,..,..,..,100,100,100,100,100,100,100,100,100,100,100,100,100,100,100,100,100,100,100,100,100,100,..,..
Kyrgyz Republic,KGZ,Access to clean fuels and technologies for cooking (% of population),EG.CFT.ACCS.ZS,..,..,..,..,..,..,..,..,..,..,..,..,..,..,..,..,..,..,..,..,..,..,..,..,..,..,53.9,55.7,57.4,59.2,61,62.9,64.4,66.2,68,69.6,71.2,72.6,73.7,74.7,75.5,76.3,76.9,77.2,77.5,77.8,78.1,78.2,..,..
Lao PDR,LAO,Access to clean fuels and technologies for cooking (% of population),EG.CFT.ACCS.ZS,..,..,..,..,..,..,..,..,..,..,..,..,..,..,..,..,..,..,..,..,..,..,..,..,..,..,1.3,1.5,1.6,1.7,1.9,2.1,2.4,2.6,2.9,3.2,3.6,3.9,4.3,4.7,5.2,5.6,6.2,6.8,7.3,7.9,8.6,9.3,..,..
Latvia,LVA,Access to clean fuels and technologies for cooking (% of population),EG.CFT.ACCS.ZS,..,..,..,..,..,..,..,..,..,..,..,..,..,..,..,..,..,..,..,..,..,..,..,..,..,..,100,100,100,100,100,100,100,100,100,100,100,100,100,100,100,100,100,100,100,100,100,100,..,..
Lebanon,LBN,Access to clean fuels and technologies for cooking (% of population),EG.CFT.ACCS.ZS,..,..,..,..,..,..,..,..,..,..,..,..,..,..,..,..,..,..,..,..,..,..,..,..,..,..,..,..,..,..,..,..,..,..,..,..,..,..,..,..,..,..,..,..,..,..,..,..,..,..
Lesotho,LSO,Access to clean fuels and technologies for cooking (% of population),EG.CFT.ACCS.ZS,..,..,..,..,..,..,..,..,..,..,..,..,..,..,..,..,..,..,..,..,..,..,..,..,..,..,16.1,17.6,19.2,20.7,22.4,23.7,25.4,26.8,28.2,29.6,30.8,32.2,33.3,34.5,35.5,36.4,37.3,38.2,39,39.6,40.4,41.1,..,..
Liberia,LBR,Access to clean fuels and technologies for cooking (% of population),EG.CFT.ACCS.ZS,..,..,..,..,..,..,..,..,..,..,..,..,..,..,..,..,..,..,..,..,..,..,..,..,..,..,0.6,0.5,0.5,0.5,0.4,0.4,0.4,0.4,0.4,0.4,0.4,0.3,0.4,0.3,0.4,0.3,0.4,0.4,0.4,0.4,0.4,0.4,..,..
Libya,LBY,Access to clean fuels and technologies for cooking (% of population),EG.CFT.ACCS.ZS,..,..,..,..,..,..,..,..,..,..,..,..,..,..,..,..,..,..,..,..,..,..,..,..,..,..,..,..,..,..,..,..,..,..,..,..,..,..,..,..,..,..,..,..,..,..,..,..,..,..
Liechtenstein,LIE,Access to clean fuels and technologies for cooking (% of population),EG.CFT.ACCS.ZS,..,..,..,..,..,..,..,..,..,..,..,..,..,..,..,..,..,..,..,..,..,..,..,..,..,..,..,..,..,..,..,..,..,..,..,..,..,..,..,..,..,..,..,..,..,..,..,..,..,..
Lithuania,LTU,Access to clean fuels and technologies for cooking (% of population),EG.CFT.ACCS.ZS,..,..,..,..,..,..,..,..,..,..,..,..,..,..,..,..,..,..,..,..,..,..,..,..,..,..,100,100,100,100,100,100,100,100,100,100,100,100,100,100,100,100,100,100,100,100,100,100,..,..
Luxembourg,LUX,Access to clean fuels and technologies for cooking (% of population),EG.CFT.ACCS.ZS,..,..,..,..,..,..,..,..,..,..,..,..,..,..,..,..,..,..,..,..,..,..,..,..,..,..,100,100,100,100,100,100,100,100,100,100,100,100,100,100,100,100,100,100,100,100,100,100,..,..
"Macao SAR, China",MAC,Access to clean fuels and technologies for cooking (% of population),EG.CFT.ACCS.ZS,..,..,..,..,..,..,..,..,..,..,..,..,..,..,..,..,..,..,..,..,..,..,..,..,..,..,..,..,..,..,..,..,..,..,..,..,..,..,..,..,..,..,..,..,..,..,..,..,..,..
Madagascar,MDG,Access to clean fuels and technologies for cooking (% of population),EG.CFT.ACCS.ZS,..,..,..,..,..,..,..,..,..,..,..,..,..,..,..,..,..,..,..,..,..,..,..,..,..,..,1.2,1.2,1.2,1.1,1.1,1.1,1.1,1.1,1,1,1,1,1,1,1,1,1.1,1.1,1.1,1.2,1.3,1.4,..,..
Malawi,MWI,Access to clean fuels and technologies for cooking (% of population),EG.CFT.ACCS.ZS,..,..,..,..,..,..,..,..,..,..,..,..,..,..,..,..,..,..,..,..,..,..,..,..,..,..,2.1,2.1,2.1,2.1,2.1,2.1,2.2,2.2,2.2,2.3,2.3,2.3,2.4,2.3,2.3,2.2,2.1,2.1,2,1.8,1.7,1.6,..,..
Malaysia,MYS,Access to clean fuels and technologies for cooking (% of population),EG.CFT.ACCS.ZS,..,..,..,..,..,..,..,..,..,..,..,..,..,..,..,..,..,..,..,..,..,..,..,..,..,..,98,98,98.1,98.1,98.1,98.1,98.1,98,97.8,97.7,97.6,97.3,97.2,96.9,96.6,96.4,95.9,95.5,95.2,94.9,94.2,93.8,..,..
Maldives,MDV,Access to clean fuels and technologies for cooking (% of population),EG.CFT.ACCS.ZS,..,..,..,..,..,..,..,..,..,..,..,..,..,..,..,..,..,..,..,..,..,..,..,..,..,..,48.2,54.3,60.4,66.4,72.3,77.4,81.7,85.5,88.6,91.2,93,94.5,95.8,96.8,97.5,98,98.5,98.8,99,99.3,99.4,99.5,..,..
Mali,MLI,Access to clean fuels and technologies for cooking (% of population),EG.CFT.ACCS.ZS,..,..,..,..,..,..,..,..,..,..,..,..,..,..,..,..,..,..,..,..,..,..,..,..,..,..,0.800000000000001,0.800000000000001,0.800000000000001,0.800000000000001,0.900000000000001,0.900000000000001,0.900000000000001,0.900000000000001,0.900000000000001,0.900000000000001,0.900000000000001,0.900000000000001,0.900000000000001,0.900000000000001,0.900000000000001,0.900000000000001,0.900000000000001,0.900000000000001,0.900000000000001,0.900000000000001,0.900000000000001,0.900000000000001,..,..
Malta,MLT,Access to clean fuels and technologies for cooking (% of population),EG.CFT.ACCS.ZS,..,..,..,..,..,..,..,..,..,..,..,..,..,..,..,..,..,..,..,..,..,..,..,..,..,..,100,100,100,100,100,100,100,100,100,100,100,100,100,100,100,100,100,100,100,100,100,100,..,..
Marshall Islands,MHL,Access to clean fuels and technologies for cooking (% of population),EG.CFT.ACCS.ZS,..,..,..,..,..,..,..,..,..,..,..,..,..,..,..,..,..,..,..,..,..,..,..,..,..,..,12.4,15.1,18.2,21.9,26.1,31.1,35.8,41.1,46.2,50.3,53.9,57,59.6,61,62.5,63.7,64.4,65.1,65.6,66.1,66.2,66.7,..,..
Mauritania,MRT,Access to clean fuels and technologies for cooking (% of population),EG.CFT.ACCS.ZS,..,..,..,..,..,..,..,..,..,..,..,..,..,..,..,..,..,..,..,..,..,..,..,..,..,..,29.4,30.8,32.6,34.1,35.4,36.9,38,39.2,39.9,40.7,41.5,42.1,42.7,43.3,43.9,44.6,45.3,45.9,46.4,47.2,47.7,48.3,..,..
Mauritius,MUS,Access to clean fuels and technologies for cooking (% of population),EG.CFT.ACCS.ZS,..,..,..,..,..,..,..,..,..,..,..,..,..,..,..,..,..,..,..,..,..,..,..,..,..,..,93.2,93.9,94.4,95.1,95.5,95.9,96.3,96.7,97,97.2,97.5,97.7,97.9,98,98.2,98.3,98.5,98.6,98.7,98.8,98.9,98.9,..,..
Mexico,MEX,Access to clean fuels and technologies for cooking (% of population),EG.CFT.ACCS.ZS,..,..,..,..,..,..,..,..,..,..,..,..,..,..,..,..,..,..,..,..,..,..,..,..,..,..,82.6,83.2,83.7,84.2,84.7,84.8,85,85.1,85.2,85,85,84.85,84.7,84.6,84.5,84.6,84.6,84.7,84.6,84.6,84.5,84.6,..,..
"Micronesia, Fed. Sts.",FSM,Access to clean fuels and technologies for cooking (% of population),EG.CFT.ACCS.ZS,..,..,..,..,..,..,..,..,..,..,..,..,..,..,..,..,..,..,..,..,..,..,..,..,..,..,10.8,10.8,10.8,10.8,10.8,10.9,11,11.1,11.2,11.4,11.6,11.8,11.9,12.1,12.4,12.55,12.6,12.8,13,13.1,13.2,13.3,..,..
Moldova,MDA,Access to clean fuels and technologies for cooking (% of population),EG.CFT.ACCS.ZS,..,..,..,..,..,..,..,..,..,..,..,..,..,..,..,..,..,..,..,..,..,..,..,..,..,..,64.4,67.8,71.3,74.6,77.9,81.1,83.8,86.1,88.2,90,91.4,92.6,93.6,94.4,95.1,95.8,96.3,96.6,97,97.2,97.5,97.6,..,..
Monaco,MCO,Access to clean fuels and technologies for cooking (% of population),EG.CFT.ACCS.ZS,..,..,..,..,..,..,..,..,..,..,..,..,..,..,..,..,..,..,..,..,..,..,..,..,..,..,100,100,100,100,100,100,100,100,100,100,100,100,100,100,100,100,100,100,100,100,100,100,..,..
Mongolia,MNG,Access to clean fuels and technologies for cooking (% of population),EG.CFT.ACCS.ZS,..,..,..,..,..,..,..,..,..,..,..,..,..,..,..,..,..,..,..,..,..,..,..,..,..,..,22.6,23.1,23.7,24.6,25.7,26.6,28,29.4,31.2,33.1,35.1,37,38.5,40.4,42,43.8,45.35,46.9,48.4,49.9,51.4,53,..,..
Montenegro,MNE,Access to clean fuels and technologies for cooking (% of population),EG.CFT.ACCS.ZS,..,..,..,..,..,..,..,..,..,..,..,..,..,..,..,..,..,..,..,..,..,..,..,..,..,..,66.4,66.6,66.5,66.2,65.9,65.6,65.4,64.8,64.4,63.7,63.3,62.9,62.4,62.1,62,61.8,61.8,61.7,61.8,62,61.8,62,..,..
Morocco,MAR,Access to clean fuels and technologies for cooking (% of population),EG.CFT.ACCS.ZS,..,..,..,..,..,..,..,..,..,..,..,..,..,..,..,..,..,..,..,..,..,..,..,..,..,..,90.2,91.1,91.9,92.6,93.3,94,94.6,95.2,95.6,96.1,96.5,96.8,97.1,97.4,97.6,97.8,97.9,98,98.1,98.2,98.2,98.2,..,..
Mozambique,MOZ,Access to clean fuels and technologies for cooking (% of population),EG.CFT.ACCS.ZS,..,..,..,..,..,..,..,..,..,..,..,..,..,..,..,..,..,..,..,..,..,..,..,..,..,..,2.2,2.3,2.4,2.4,2.4,2.5,2.6,2.7,2.8,2.9,3.1,3.2,3.4,3.6,3.7,4,4.2,4.4,4.7,4.9,5.2,5.4,..,..
Myanmar,MMR,Access to clean fuels and technologies for cooking (% of population),EG.CFT.ACCS.ZS,..,..,..,..,..,..,..,..,..,..,..,..,..,..,..,..,..,..,..,..,..,..,..,..,..,..,2,2.2,2.6,3,3.5,4.1,4.9,5.8,6.8,8.1,9.6,11.4,13.4,15.7,18.3,21.2,24.3,27.7,31.3,35.2,39.2,43.5,..,..
Namibia,NAM,Access to clean fuels and technologies for cooking (% of population),EG.CFT.ACCS.ZS,..,..,..,..,..,..,..,..,..,..,..,..,..,..,..,..,..,..,..,..,..,..,..,..,..,..,34.1,34.5,35.3,35.9,36.7,37.3,37.9,38.8,39.4,39.95,40.8,41.3,42.1,42.8,43.4,44.1,44.6,45.4,45.9,46.5,46.9,47.3,..,..
Nauru,NRU,Access to clean fuels and technologies for cooking (% of population),EG.CFT.ACCS.ZS,..,..,..,..,..,..,..,..,..,..,..,..,..,..,..,..,..,..,..,..,..,..,..,..,..,..,100,100,100,100,100,100,100,100,100,100,100,100,100,100,100,100,100,100,100,100,100,100,..,..
Nepal,NPL,Access to clean fuels and technologies for cooking (% of population),EG.CFT.ACCS.ZS,..,..,..,..,..,..,..,..,..,..,..,..,..,..,..,..,..,..,..,..,..,..,..,..,..,..,5.5,6.90000000000001,8.5,10.1,11.8,13.5,15.2,16.7,18.4,19.8,21.3,22.7,24.2,25.6,26.9,28.05,29.5,30.6,32,32.9,34.1,35.2,..,..
Netherlands,NLD,Access to clean fuels and technologies for cooking (% of population),EG.CFT.ACCS.ZS,..,..,..,..,..,..,..,..,..,..,..,..,..,..,..,..,..,..,..,..,..,..,..,..,..,..,100,100,100,100,100,100,100,100,100,100,100,100,100,100,100,100,100,100,100,100,100,100,..,..
New Caledonia,NCL,Access to clean fuels and technologies for cooking (% of population),EG.CFT.ACCS.ZS,..,..,..,..,..,..,..,..,..,..,..,..,..,..,..,..,..,..,..,..,..,..,..,..,..,..,..,..,..,..,..,..,..,..,..,..,..,..,..,..,..,..,..,..,..,..,..,..,..,..
New Zealand,NZL,Access to clean fuels and technologies for cooking (% of population),EG.CFT.ACCS.ZS,..,..,..,..,..,..,..,..,..,..,..,..,..,..,..,..,..,..,..,..,..,..,..,..,..,..,100,100,100,100,100,100,100,100,100,100,100,100,100,100,100,100,100,100,100,100,100,100,..,..
Nicaragua,NIC,Access to clean fuels and technologies for cooking (% of population),EG.CFT.ACCS.ZS,..,..,..,..,..,..,..,..,..,..,..,..,..,..,..,..,..,..,..,..,..,..,..,..,..,..,33.8,34.9,35.9,36.9,37.9,39.1,40.1,41.2,42.5,43.5,44.7,45.8,47.1,48.3,49.4,50.6,51.8,53,54.1,55.2,56.2,57.4,..,..
Niger,NER,Access to clean fuels and technologies for cooking (% of population),EG.CFT.ACCS.ZS,..,..,..,..,..,..,..,..,..,..,..,..,..,..,..,..,..,..,..,..,..,..,..,..,..,..,0.900000000000001,0.900000000000001,1,1,1,1,1.1,1.1,1.2,1.2,1.3,1.4,1.5,1.6,1.7,1.9,2,2.2,2.3,2.5,2.8,3,..,..
Nigeria,NGA,Access to clean fuels and technologies for cooking (% of population),EG.CFT.ACCS.ZS,..,..,..,..,..,..,..,..,..,..,..,..,..,..,..,..,..,..,..,..,..,..,..,..,..,..,0.6,0.6,0.700000000000001,0.700000000000001,0.800000000000001,0.900000000000001,1,1.2,1.4,1.6,1.9,2.4,2.89999999999999,3.6,4.49999999999999,5.59999999999999,7.00000000000001,8.7,10.7,12.8,14.9,16.8,..,..
North Macedonia,MKD,Access to clean fuels and technologies for cooking (% of population),EG.CFT.ACCS.ZS,..,..,..,..,..,..,..,..,..,..,..,..,..,..,..,..,..,..,..,..,..,..,..,..,..,..,56.2,57.6,58.8,59.6,60.9,62.4,63.6,64.8,65.8,66.8,67.9,69,70,71.2,72.3,73.3,74.5,75.6,76.2,77.2,78.3,79.2,..,..
Northern Mariana Islands,MNP,Access to clean fuels and technologies for cooking (% of population),EG.CFT.ACCS.ZS,..,..,..,..,..,..,..,..,..,..,..,..,..,..,..,..,..,..,..,..,..,..,..,..,..,..,..,..,..,..,..,..,..,..,..,..,..,..,..,..,..,..,..,..,..,..,..,..,..,..
Norway,NOR,Access to clean fuels and technologies for cooking (% of population),EG.CFT.ACCS.ZS,..,..,..,..,..,..,..,..,..,..,..,..,..,..,..,..,..,..,..,..,..,..,..,..,..,..,100,100,100,100,100,100,100,100,100,100,100,100,100,100,100,100,100,100,100,100,100,100,..,..
Oman,OMN,Access to clean fuels and technologies for cooking (% of population),EG.CFT.ACCS.ZS,..,..,..,..,..,..,..,..,..,..,..,..,..,..,..,..,..,..,..,..,..,..,..,..,..,..,100,100,100,100,100,100,100,100,100,100,100,100,100,100,100,100,100,100,100,100,100,100,..,..
Pakistan,PAK,Access to clean fuels and technologies for cooking (% of population),EG.CFT.ACCS.ZS,..,..,..,..,..,..,..,..,..,..,..,..,..,..,..,..,..,..,..,..,..,..,..,..,..,..,23.8,24.8,25.9,27,28.1,29.3,30.4,31.6,32.8,34.05,35.1,36.6,37.9,39.2,40.5,41.8,43.2,44.5,46,47.6,49,50.7,..,..
Palau,PLW,Access to clean fuels and technologies for cooking (% of population),EG.CFT.ACCS.ZS,..,..,..,..,..,..,..,..,..,..,..,..,..,..,..,..,..,..,..,..,..,..,..,..,..,..,53.6,53.3,53.05,52.8,52.5,52.5,52.4,51.9,51.7,51.2,50.7,50.1,49.4,49.05,48.4,47.2,47.6,46.55,46.4,44.65,43.9,43,..,..
Panama,PAN,Access to clean fuels and technologies for cooking (% of population),EG.CFT.ACCS.ZS,..,..,..,..,..,..,..,..,..,..,..,..,..,..,..,..,..,..,..,..,..,..,..,..,..,..,100,100,100,100,100,100,100,100,100,100,100,100,100,100,100,100,100,100,100,100,100,100,..,..
Papua New Guinea,PNG,Access to clean fuels and technologies for cooking (% of population),EG.CFT.ACCS.ZS,..,..,..,..,..,..,..,..,..,..,..,..,..,..,..,..,..,..,..,..,..,..,..,..,..,..,5.49999999999999,5.6,5.7,5.99999999999999,6.2,6.3,6.6,6.8,7.1,7.4,7.7,7.9,8.2,8.5,8.6,8.7,8.9,9.1,9.2,9.3,9.5,9.7,..,..
Paraguay,PRY,Access to clean fuels and technologies for cooking (% of population),EG.CFT.ACCS.ZS,..,..,..,..,..,..,..,..,..,..,..,..,..,..,..,..,..,..,..,..,..,..,..,..,..,..,48.3,48.5,48.5,48.8,49.1,49.8,50.7,52,53.8,55.4,57.4,59.3,61,62.5,64,65.1,66.2,67.1,67.7,68.5,69.05,69.8,..,..
Peru,PER,Access to clean fuels and technologies for cooking (% of population),EG.CFT.ACCS.ZS,..,..,..,..,..,..,..,..,..,..,..,..,..,..,..,..,..,..,..,..,..,..,..,..,..,..,41.9,45.6,48.8,51.7,54.2,56.65,58.8,60.7,62.9,64.3,66.1,68,69.6,71.4,73.5,75.3,77.2,79,80.7,82.4,83.9,85.5,..,..
Philippines,PHL,Access to clean fuels and technologies for cooking (% of population),EG.CFT.ACCS.ZS,..,..,..,..,..,..,..,..,..,..,..,..,..,..,..,..,..,..,..,..,..,..,..,..,..,..,37.5,38.4,39.1,39.7,40.2,40.6,40.7,40.8,41,41,41.2,41.3,41.6,41.8,42.4,42.9,43.7,44.4,45.2,46.3,47.1,48,..,..
Poland,POL,Access to clean fuels and technologies for cooking (% of population),EG.CFT.ACCS.ZS,..,..,..,..,..,..,..,..,..,..,..,..,..,..,..,..,..,..,..,..,..,..,..,..,..,..,100,100,100,100,100,100,100,100,100,100,100,100,100,100,100,100,100,100,100,100,100,100,..,..
Portugal,PRT,Access to clean fuels and technologies for cooking (% of population),EG.CFT.ACCS.ZS,..,..,..,..,..,..,..,..,..,..,..,..,..,..,..,..,..,..,..,..,..,..,..,..,..,..,100,100,100,100,100,100,100,100,100,100,100,100,100,100,100,100,100,100,100,100,100,100,..,..
Puerto Rico,PRI,Access to clean fuels and technologies for cooking (% of population),EG.CFT.ACCS.ZS,..,..,..,..,..,..,..,..,..,..,..,..,..,..,..,..,..,..,..,..,..,..,..,..,..,..,..,..,..,..,..,..,..,..,..,..,..,..,..,..,..,..,..,..,..,..,..,..,..,..
Qatar,QAT,Access to clean fuels and technologies for cooking (% of population),EG.CFT.ACCS.ZS,..,..,..,..,..,..,..,..,..,..,..,..,..,..,..,..,..,..,..,..,..,..,..,..,..,..,100,100,100,100,100,100,100,100,100,100,100,100,100,100,100,100,100,100,100,100,100,100,..,..
Romania,ROU,Access to clean fuels and technologies for cooking (% of population),EG.CFT.ACCS.ZS,..,..,..,..,..,..,..,..,..,..,..,..,..,..,..,..,..,..,..,..,..,..,..,..,..,..,100,100,100,100,100,100,100,100,100,100,100,100,100,100,100,100,100,100,100,100,100,100,..,..
Russian Federation,RUS,Access to clean fuels and technologies for cooking (% of population),EG.CFT.ACCS.ZS,..,..,..,..,..,..,..,..,..,..,..,..,..,..,..,..,..,..,..,..,..,..,..,..,..,..,99.9,99.9,99.8,99.7,99.5,99.3,98.9,98.4,97.8,97.1,96.1,94.9,93.8,92.1,90.3,88.3,86.1,83.6,81.4,78.5,76,72.9,..,..
Rwanda,RWA,Access to clean fuels and technologies for cooking (% of population),EG.CFT.ACCS.ZS,..,..,..,..,..,..,..,..,..,..,..,..,..,..,..,..,..,..,..,..,..,..,..,..,..,..,0.1,0.1,0.1,0.1,0.1,0.1,0.2,0.2,0.2,0.3,0.3,0.4,0.5,0.6,0.700000000000001,1,1.3,1.7,2.3,3.2,4.2,5.4,..,..
Samoa,WSM,Access to clean fuels and technologies for cooking (% of population),EG.CFT.ACCS.ZS,..,..,..,..,..,..,..,..,..,..,..,..,..,..,..,..,..,..,..,..,..,..,..,..,..,..,18.1,19,19.8,20.5,21.4,22.3,23.2,24.2,25.1,26,27.05,27.9,28.8,29.7,30.4,31.4,32.2,33.3,34.3,35.3,36.15,37.2,..,..
San Marino,SMR,Access to clean fuels and technologies for cooking (% of population),EG.CFT.ACCS.ZS,..,..,..,..,..,..,..,..,..,..,..,..,..,..,..,..,..,..,..,..,..,..,..,..,..,..,100,100,100,100,100,100,100,100,100,100,100,100,100,100,100,100,100,100,100,100,100,100,..,..
Sao Tome and Principe,STP,Access to clean fuels and technologies for cooking (% of population),EG.CFT.ACCS.ZS,..,..,..,..,..,..,..,..,..,..,..,..,..,..,..,..,..,..,..,..,..,..,..,..,..,..,0.3,0.4,0.4,0.499999999999989,0.5,0.6,0.69999999999999,0.800000000000001,0.900000000000001,1,1.2,1.3,1.5,1.7,1.9,2.09999999999999,2.3,2.6,2.8,3.09999999999999,3.39999999999999,3.7,..,..
Saudi Arabia,SAU,Access to clean fuels and technologies for cooking (% of population),EG.CFT.ACCS.ZS,..,..,..,..,..,..,..,..,..,..,..,..,..,..,..,..,..,..,..,..,..,..,..,..,..,..,100,100,100,100,100,100,100,100,100,100,100,100,100,100,100,100,100,100,100,100,100,100,..,..
Senegal,SEN,Access to clean fuels and technologies for cooking (% of population),EG.CFT.ACCS.ZS,..,..,..,..,..,..,..,..,..,..,..,..,..,..,..,..,..,..,..,..,..,..,..,..,..,..,34.6,35.6,36.4,37.2,37.6,37.6,37.5,36.8,36,34.7,33.4,32.1,30.8,29.8,28.9,28.4,28.3,28.3,28.3,28.6,28.9,29.4,..,..
Serbia,SRB,Access to clean fuels and technologies for cooking (% of population),EG.CFT.ACCS.ZS,..,..,..,..,..,..,..,..,..,..,..,..,..,..,..,..,..,..,..,..,..,..,..,..,..,..,57.7,58.6,59.7,60.7,61.5,62.6,63.6,64.7,65.5,66.6,67.5,68.4,69.4,70.7,71.9,73.1,74.4,75.6,76.9,78.2,79.6,80.6,..,..
Seychelles,SYC,Access to clean fuels and technologies for cooking (% of population),EG.CFT.ACCS.ZS,..,..,..,..,..,..,..,..,..,..,..,..,..,..,..,..,..,..,..,..,..,..,..,..,..,..,100,100,100,100,100,100,100,100,100,100,100,100,100,100,100,100,100,100,100,100,100,100,..,..
Sierra Leone,SLE,Access to clean fuels and technologies for cooking (% of population),EG.CFT.ACCS.ZS,..,..,..,..,..,..,..,..,..,..,..,..,..,..,..,..,..,..,..,..,..,..,..,..,..,..,0.1,0.1,0.1,0.2,0.2,0.3,0.3,0.3,0.4,0.4,0.4,0.4,0.5,0.5,0.5,0.6,0.6,0.6,0.700000000000001,0.700000000000001,0.800000000000001,0.800000000000001,..,..
Singapore,SGP,Access to clean fuels and technologies for cooking (% of population),EG.CFT.ACCS.ZS,..,..,..,..,..,..,..,..,..,..,..,..,..,..,..,..,..,..,..,..,..,..,..,..,..,..,100,100,100,100,100,100,100,100,100,100,100,100,100,100,100,100,100,100,100,100,100,100,..,..
Sint Maarten (Dutch part),SXM,Access to clean fuels and technologies for cooking (% of population),EG.CFT.ACCS.ZS,..,..,..,..,..,..,..,..,..,..,..,..,..,..,..,..,..,..,..,..,..,..,..,..,..,..,..,..,..,..,..,..,..,..,..,..,..,..,..,..,..,..,..,..,..,..,..,..,..,..
Slovak Republic,SVK,Access to clean fuels and technologies for cooking (% of population),EG.CFT.ACCS.ZS,..,..,..,..,..,..,..,..,..,..,..,..,..,..,..,..,..,..,..,..,..,..,..,..,..,..,100,100,100,100,100,100,100,100,100,100,100,100,100,100,100,100,100,100,100,100,100,100,..,..
Slovenia,SVN,Access to clean fuels and technologies for cooking (% of population),EG.CFT.ACCS.ZS,..,..,..,..,..,..,..,..,..,..,..,..,..,..,..,..,..,..,..,..,..,..,..,..,..,..,100,100,100,100,100,100,100,100,100,100,100,100,100,100,100,100,100,100,100,100,100,100,..,..
Solomon Islands,SLB,Access to clean fuels and technologies for cooking (% of population),EG.CFT.ACCS.ZS,..,..,..,..,..,..,..,..,..,..,..,..,..,..,..,..,..,..,..,..,..,..,..,..,..,..,8.7,8.6,8.6,8.4,8.4,8.3,8.3,8.2,8.2,8.2,8.3,8.3,8.3,8.4,8.4,8.5,8.6,8.6,8.8,8.9,8.9,8.9,..,..
Somalia,SOM,Access to clean fuels and technologies for cooking (% of population),EG.CFT.ACCS.ZS,..,..,..,..,..,..,..,..,..,..,..,..,..,..,..,..,..,..,..,..,..,..,..,..,..,..,0.4,0.4,0.4,0.5,0.5,0.6,0.700000000000001,0.700000000000001,0.800000000000001,0.900000000000001,1.1,1.2,1.4,1.6,1.7,2,2.2,2.4,2.7,3.1,3.4,3.8,..,..
South Africa,ZAF,Access to clean fuels and technologies for cooking (% of population),EG.CFT.ACCS.ZS,..,..,..,..,..,..,..,..,..,..,..,..,..,..,..,..,..,..,..,..,..,..,..,..,..,..,56.3,58.3,60.4,62.5,64.7,66.9,69.1,71.2,73.3,75.2,77,78.7,80.1,81.4,82.6,83.8,84.7,85.6,86.3,87.1,87.7,88.4,..,..
South Sudan,SSD,Access to clean fuels and technologies for cooking (% of population),EG.CFT.ACCS.ZS,..,..,..,..,..,..,..,..,..,..,..,..,..,..,..,..,..,..,..,..,..,..,..,..,..,..,0.1,0.1,0.1,0.1,0,0,0,0,0,0,0,0,0,0,0,0,0,0,0,0,0,0,..,..
Spain,ESP,Access to clean fuels and technologies for cooking (% of population),EG.CFT.ACCS.ZS,..,..,..,..,..,..,..,..,..,..,..,..,..,..,..,..,..,..,..,..,..,..,..,..,..,..,100,100,100,100,100,100,100,100,100,100,100,100,100,100,100,100,100,100,100,100,100,100,..,..
Sri Lanka,LKA,Access to clean fuels and technologies for cooking (% of population),EG.CFT.ACCS.ZS,..,..,..,..,..,..,..,..,..,..,..,..,..,..,..,..,..,..,..,..,..,..,..,..,..,..,16.4,17.1,17.5,18.1,18.7,19.2,19.8,20.4,20.8,21.5,22,22.7,23.3,24.1,24.8,25.9,27,27.9,29.1,30.2,31.5,32.6,..,..
St. Kitts and Nevis,KNA,Access to clean fuels and technologies for cooking (% of population),EG.CFT.ACCS.ZS,..,..,..,..,..,..,..,..,..,..,..,..,..,..,..,..,..,..,..,..,..,..,..,..,..,..,100,100,100,100,100,100,100,100,100,100,100,100,100,100,100,100,100,100,100,100,100,100,..,..
St. Lucia,LCA,Access to clean fuels and technologies for cooking (% of population),EG.CFT.ACCS.ZS,..,..,..,..,..,..,..,..,..,..,..,..,..,..,..,..,..,..,..,..,..,..,..,..,..,..,85.7,87.2,88.6,89.9,91.2,92.1,93,93.7,94.2,94.7,95.1,95.3,95.4,95.5,95.5,95.5,95.3,95.2,95,94.8,94.5,94.4,..,..
St. Martin (French part),MAF,Access to clean fuels and technologies for cooking (% of population),EG.CFT.ACCS.ZS,..,..,..,..,..,..,..,..,..,..,..,..,..,..,..,..,..,..,..,..,..,..,..,..,..,..,..,..,..,..,..,..,..,..,..,..,..,..,..,..,..,..,..,..,..,..,..,..,..,..
St. Vincent and the Grenadines,VCT,Access to clean fuels and technologies for cooking (% of population),EG.CFT.ACCS.ZS,..,..,..,..,..,..,..,..,..,..,..,..,..,..,..,..,..,..,..,..,..,..,..,..,..,..,95.9,95.9,95.9,95.8,95.9,95.9,95.8,95.8,95.6,95.6,95.5,95.4,95.2,95.1,95,94.7,94.5,94.2,94,93.7,93.3,92.9,..,..
Sudan,SDN,Access to clean fuels and technologies for cooking (% of population),EG.CFT.ACCS.ZS,..,..,..,..,..,..,..,..,..,..,..,..,..,..,..,..,..,..,..,..,..,..,..,..,..,..,7.4,9.3,11.3,13.1,15.3,18,20.8,23.3,26.3,29.4,31.9,35.3,38.35,41.6,44.5,47.2,50.3,52.75,55.7,58,60.45,62.8,..,..
Suriname,SUR,Access to clean fuels and technologies for cooking (% of population),EG.CFT.ACCS.ZS,..,..,..,..,..,..,..,..,..,..,..,..,..,..,..,..,..,..,..,..,..,..,..,..,..,..,76.1,77.5,78.8,80.1,81.1,82.3,83.4,84.4,85.4,86.4,87.4,88.2,89.1,90,90.7,91.5,92.2,92.9,93.35,93.9,94.5,94.8,..,..
Sweden,SWE,Access to clean fuels and technologies for cooking (% of population),EG.CFT.ACCS.ZS,..,..,..,..,..,..,..,..,..,..,..,..,..,..,..,..,..,..,..,..,..,..,..,..,..,..,100,100,100,100,100,100,100,100,100,100,100,100,100,100,100,100,100,100,100,100,100,100,..,..
Switzerland,CHE,Access to clean fuels and technologies for cooking (% of population),EG.CFT.ACCS.ZS,..,..,..,..,..,..,..,..,..,..,..,..,..,..,..,..,..,..,..,..,..,..,..,..,..,..,100,100,100,100,100,100,100,100,100,100,100,100,100,100,100,100,100,100,100,100,100,100,..,..
Syrian Arab Republic,SYR,Access to clean fuels and technologies for cooking (% of population),EG.CFT.ACCS.ZS,..,..,..,..,..,..,..,..,..,..,..,..,..,..,..,..,..,..,..,..,..,..,..,..,..,..,98.5,98.6,98.7,98.8,98.8,98.9,98.9,98.8,98.8,98.7,98.6,98.5,98.3,98.2,98,97.8,97.6,97.5,97.2,96.9,96.6,96.3,..,..
Tajikistan,TJK,Access to clean fuels and technologies for cooking (% of population),EG.CFT.ACCS.ZS,..,..,..,..,..,..,..,..,..,..,..,..,..,..,..,..,..,..,..,..,..,..,..,..,..,..,36.5,40,43.6,47.1,51,54.3,57.7,60.8,63.7,66.2,68.6,70.8,72.7,74.6,76.4,77.7,79.3,80.8,81.9,83.3,84.3,85.5,..,..
Tanzania,TZA,Access to clean fuels and technologies for cooking (% of population),EG.CFT.ACCS.ZS,..,..,..,..,..,..,..,..,..,..,..,..,..,..,..,..,..,..,..,..,..,..,..,..,..,..,0.6,0.6,0.6,0.700000000000001,0.800000000000001,0.800000000000001,0.900000000000001,1,1.1,1.3,1.5,1.7,2,2.3,2.8,3.2,3.79999999999999,4.39999999999999,4.9,5.59999999999999,6.2,6.9,..,..
Thailand,THA,Access to clean fuels and technologies for cooking (% of population),EG.CFT.ACCS.ZS,..,..,..,..,..,..,..,..,..,..,..,..,..,..,..,..,..,..,..,..,..,..,..,..,..,..,59.1,60.8,62.4,64,65.3,66.7,68.1,69.4,70.7,72,73.2,74.5,75.5,76.7,77.7,78.9,79.9,81.1,82.1,83.1,84.2,85.1,..,..
Timor-Leste,TLS,Access to clean fuels and technologies for cooking (% of population),EG.CFT.ACCS.ZS,..,..,..,..,..,..,..,..,..,..,..,..,..,..,..,..,..,..,..,..,..,..,..,..,..,..,1.2,1.3,1.5,1.7,2,2.3,2.6,3,3.49999999999999,4,4.65,5.2,5.99999999999999,6.8,7.7,8.6,9.50000000000001,10.7,11.7,12.85,14,15.2,..,..
Togo,TGO,Access to clean fuels and technologies for cooking (% of population),EG.CFT.ACCS.ZS,..,..,..,..,..,..,..,..,..,..,..,..,..,..,..,..,..,..,..,..,..,..,..,..,..,..,0.4,0.5,0.6,0.800000000000001,1,1.3,1.5,1.9,2.4,2.8,3.4,3.9,4.6,5.2,5.9,6.6,7.3,8.1,8.8,9.8,10.5,11.4,..,..
Tonga,TON,Access to clean fuels and technologies for cooking (% of population),EG.CFT.ACCS.ZS,..,..,..,..,..,..,..,..,..,..,..,..,..,..,..,..,..,..,..,..,..,..,..,..,..,..,34.4,36.7,39.2,41.9,44.6,47.3,49.8,52.3,55,57.4,59.8,62.5,64.9,67.4,70.1,72.9,75.6,78.1,80.7,82.9,85.1,86.8,..,..
Trinidad and Tobago,TTO,Access to clean fuels and technologies for cooking (% of population),EG.CFT.ACCS.ZS,..,..,..,..,..,..,..,..,..,..,..,..,..,..,..,..,..,..,..,..,..,..,..,..,..,..,100,100,100,100,100,100,100,100,100,100,100,100,100,100,100,100,100,100,100,100,100,100,..,..
Tunisia,TUN,Access to clean fuels and technologies for cooking (% of population),EG.CFT.ACCS.ZS,..,..,..,..,..,..,..,..,..,..,..,..,..,..,..,..,..,..,..,..,..,..,..,..,..,..,93.6,94.8,95.7,96.6,97.3,97.8,98.2,98.6,98.9,99.1,99.3,99.5,99.6,99.7,99.7,99.8,99.8,99.8,99.8,99.8,99.9,99.9,..,..
Turkiye,TUR,Access to clean fuels and technologies for cooking (% of population),EG.CFT.ACCS.ZS,..,..,..,..,..,..,..,..,..,..,..,..,..,..,..,..,..,..,..,..,..,..,..,..,..,..,90.2,90.85,91.3,91.9,92.2,92.7,93,93.3,93.7,93.9,94.1,94.4,94.5,94.6,94.8,94.9,95,95.2,95.2,95.4,95.4,95.4,..,..
Turkmenistan,TKM,Access to clean fuels and technologies for cooking (% of population),EG.CFT.ACCS.ZS,..,..,..,..,..,..,..,..,..,..,..,..,..,..,..,..,..,..,..,..,..,..,..,..,..,..,99.4,99.5,99.6,99.6,99.7,99.7,99.8,99.8,99.8,99.9,99.9,99.9,99.9,99.9,99.9,99.9,99.9,99.9,99.9,99.9,99.9,99.9,..,..
Turks and Caicos Islands,TCA,Access to clean fuels and technologies for cooking (% of population),EG.CFT.ACCS.ZS,..,..,..,..,..,..,..,..,..,..,..,..,..,..,..,..,..,..,..,..,..,..,..,..,..,..,..,..,..,..,..,..,..,..,..,..,..,..,..,..,..,..,..,..,..,..,..,..,..,..
Tuvalu,TUV,Access to clean fuels and technologies for cooking (% of population),EG.CFT.ACCS.ZS,..,..,..,..,..,..,..,..,..,..,..,..,..,..,..,..,..,..,..,..,..,..,..,..,..,..,12,13.5,15.6,18,20.9,24.1,27.8,32.3,37.4,42.2,47,51.6,56,59.6,62.9,65.6,67.5,69.7,71.4,72.5,73.7,74.6,..,..
Uganda,UGA,Access to clean fuels and technologies for cooking (% of population),EG.CFT.ACCS.ZS,..,..,..,..,..,..,..,..,..,..,..,..,..,..,..,..,..,..,..,..,..,..,..,..,..,..,0.900000000000001,0.900000000000001,0.900000000000001,0.800000000000001,0.800000000000001,0.800000000000001,0.800000000000001,0.900000000000001,0.800000000000001,0.900000000000001,0.849999999999995,0.900000000000001,0.900000000000001,0.900000000000001,0.900000000000001,0.900000000000001,0.800000000000001,0.800000000000001,0.800000000000001,0.800000000000001,0.700000000000001,0.700000000000001,..,..
Ukraine,UKR,Access to clean fuels and technologies for cooking (% of population),EG.CFT.ACCS.ZS,..,..,..,..,..,..,..,..,..,..,..,..,..,..,..,..,..,..,..,..,..,..,..,..,..,..,91.4,91.9,92.2,92.5,93,93.3,93.6,93.8,94.1,94.3,94.4,94.5,94.7,94.8,95,95.1,95.2,95.2,95.2,95.2,95.2,95.2,..,..
United Arab Emirates,ARE,Access to clean fuels and technologies for cooking (% of population),EG.CFT.ACCS.ZS,..,..,..,..,..,..,..,..,..,..,..,..,..,..,..,..,..,..,..,..,..,..,..,..,..,..,100,100,100,100,100,100,100,100,100,100,100,100,100,100,100,100,100,100,100,100,100,100,..,..
United Kingdom,GBR,Access to clean fuels and technologies for cooking (% of population),EG.CFT.ACCS.ZS,..,..,..,..,..,..,..,..,..,..,..,..,..,..,..,..,..,..,..,..,..,..,..,..,..,..,100,100,100,100,100,100,100,100,100,100,100,100,100,100,100,100,100,100,100,100,100,100,..,..
United States,USA,Access to clean fuels and technologies for cooking (% of population),EG.CFT.ACCS.ZS,..,..,..,..,..,..,..,..,..,..,..,..,..,..,..,..,..,..,..,..,..,..,..,..,..,..,100,100,100,100,100,100,100,100,100,100,100,100,100,100,100,100,100,100,100,100,100,100,..,..
Uruguay,URY,Access to clean fuels and technologies for cooking (% of population),EG.CFT.ACCS.ZS,..,..,..,..,..,..,..,..,..,..,..,..,..,..,..,..,..,..,..,..,..,..,..,..,..,..,100,100,100,100,100,100,100,100,100,100,100,100,100,100,100,100,100,100,100,100,100,100,..,..
Uzbekistan,UZB,Access to clean fuels and technologies for cooking (% of population),EG.CFT.ACCS.ZS,..,..,..,..,..,..,..,..,..,..,..,..,..,..,..,..,..,..,..,..,..,..,..,..,..,..,83.3,83.8,84,84.2,84.7,84.7,85.1,85.3,85.3,85.4,85.7,85.7,85.5,85.3,85.3,85,84.8,84.5,84.2,83.5,83.2,82.8,..,..
Vanuatu,VUT,Access to clean fuels and technologies for cooking (% of population),EG.CFT.ACCS.ZS,..,..,..,..,..,..,..,..,..,..,..,..,..,..,..,..,..,..,..,..,..,..,..,..,..,..,15.9,15.8,15.6,15.3,15.2,14.7,14.3,13.8,13.3,12.7,12.2,11.6,10.9,10.3,9.8,9.3,8.8,8.4,7.9,7.6,7.3,6.9,..,..
"Venezuela, RB",VEN,Access to clean fuels and technologies for cooking (% of population),EG.CFT.ACCS.ZS,..,..,..,..,..,..,..,..,..,..,..,..,..,..,..,..,..,..,..,..,..,..,..,..,..,..,97.5,97.4,97.3,97.2,97.2,97.1,97,97,97,97,96.8,96.8,96.7,96.7,96.6,96.6,96.4,96.3,96.1,95.9,95.8,95.5,..,..
Viet Nam,VNM,Access to clean fuels and technologies for cooking (% of population),EG.CFT.ACCS.ZS,..,..,..,..,..,..,..,..,..,..,..,..,..,..,..,..,..,..,..,..,..,..,..,..,..,..,13.4,16.1,19.1,22.1,25.6,29.1,33,37.2,41.7,46.4,51.2,56.6,62.5,68.1,73.8,78.7,83.7,87.4,90.7,93,94.7,96.1,..,..
Virgin Islands (U.S.),VIR,Access to clean fuels and technologies for cooking (% of population),EG.CFT.ACCS.ZS,..,..,..,..,..,..,..,..,..,..,..,..,..,..,..,..,..,..,..,..,..,..,..,..,..,..,..,..,..,..,..,..,..,..,..,..,..,..,..,..,..,..,..,..,..,..,..,..,..,..
West Bank and Gaza,PSE,Access to clean fuels and technologies for cooking (% of population),EG.CFT.ACCS.ZS,..,..,..,..,..,..,..,..,..,..,..,..,..,..,..,..,..,..,..,..,..,..,..,..,..,..,..,..,..,..,..,..,..,..,..,..,..,..,..,..,..,..,..,..,..,..,..,..,..,..
"Yemen, Rep.",YEM,Access to clean fuels and technologies for cooking (% of population),EG.CFT.ACCS.ZS,..,..,..,..,..,..,..,..,..,..,..,..,..,..,..,..,..,..,..,..,..,..,..,..,..,..,55.5,56.05,56.6,57,57.5,57.9,58.4,58.6,59.1,59.6,59.7,60.1,60.4,60.6,60.8,60.9,61.1,61.2,61.3,61.4,61.3,61.3,..,..
Zambia,ZMB,Access to clean fuels and technologies for cooking (% of population),EG.CFT.ACCS.ZS,..,..,..,..,..,..,..,..,..,..,..,..,..,..,..,..,..,..,..,..,..,..,..,..,..,..,13.9,14.2,14.8,15.1,15.5,15.7,15.9,16,16.1,16,16,15.8,15.4,15.1,14.6,14.1,13.5,12.8,12.2,11.5,10.9,10.2,..,..
Zimbabwe,ZWE,Access to clean fuels and technologies for cooking (% of population),EG.CFT.ACCS.ZS,..,..,..,..,..,..,..,..,..,..,..,..,..,..,..,..,..,..,..,..,..,..,..,..,..,..,33.9,33.5,33.4,33,32.5,32,31.6,31.2,31,30.6,30.4,30.3,30.1,30.1,30,30,30,29.8,30,30.2,30.3,30.3,..,..
,,,,,,,,,,,,,,,,,,,,,,,,,,,,,,,,,,,,,,,,,,,,,,,,,,,,,
,,,,,,,,,,,,,,,,,,,,,,,,,,,,,,,,,,,,,,,,,,,,,,,,,,,,,
,,,,,,,,,,,,,,,,,,,,,,,,,,,,,,,,,,,,,,,,,,,,,,,,,,,,,
Data from database: World Development Indicators,,,,,,,,,,,,,,,,,,,,,,,,,,,,,,,,,,,,,,,,,,,,,,,,,,,,,
Last Updated: 03/28/2024,,,,,,,,,,,,,,,,,,,,,,,,,,,,,,,,,,,,,,,,,,,,,,,,,,,,,
